----------;CUENT.ANTERIORES;----------;---------------;CUENTA;--------------;TRIBUTOS, CONT.Y APORTES AL SIST PENSION;GOBIERNO CENTRAL-SUNAT;IMPUESTO GENERAL A LAS VENTAS;H I S T Ó R I C O;POR;DETRACCION DE IGV. D.LEG 917;2.1.40.401.001.031270;31270;CONTRAP; -;DETRACCION DE IGV. D.LEG 917;D É B I T O;C R É D I T O;DÍA;LOTE;T;MOV;UA;*****  SALDO ANTERIOR  *****;;84.105,00;,,,,
----------;CUENT.ANTERIORES;----------;---------------;CUENTA;--------------;TRIBUTOS, CONT.Y APORTES AL SIST PENSION;GOBIERNO CENTRAL-SUNAT;IMPUESTO GENERAL A LAS VENTAS;H I S T Ó R I C O;POR;DETRACCION DE IGV. D.LEG 917;2.1.40.401.001.031270;31270;CONTRAP; -;DETRACCION DE IGV. D.LEG 917;D É B I T O;C R É D I T O;DÍA;LOTE;T;MOV;UA;03.02;PAGO PPI 1840456/1 FERRETERIA PETTER E.I.R.L.,RUC-20272 643793  ;403;00116/6295;A;3;;;150,00;;PERIODO :;403;*****   T O T A L E S   *****;147.847,00;114.385,00;*****   SALDO   ACTUAL  *****;;50.643,00;
----------;CUENT.ANTERIORES;----------;---------------;CUENTA;--------------;TRIBUTOS, CONT.Y APORTES AL SIST PENSION;GOBIERNO CENTRAL-SUNAT;IMPUESTO GENERAL A LAS VENTAS;H I S T Ó R I C O;POR;DETRACCION DE IGV. D.LEG 917;2.1.40.401.001.031270;31270;CONTRAP; -;DETRACCION DE IGV. D.LEG 917;D É B I T O;C R É D I T O;DÍA;LOTE;T;MOV;UA;04.02;PAGO PPI 1845589/1 MERCOTRANS LOGISTICA Y NEGOCIOS S.A. C,RUC-20524662613  ;403;00117/6295;A;3;;;88,00;;PERIODO :;403;*****   T O T A L E S   *****;147.847,00;114.385,00;*****   SALDO   ACTUAL  *****;;50.643,00;
----------;CUENT.ANTERIORES;----------;---------------;CUENTA;--------------;TRIBUTOS, CONT.Y APORTES AL SIST PENSION;GOBIERNO CENTRAL-SUNAT;IMPUESTO GENERAL A LAS VENTAS;H I S T Ó R I C O;POR;DETRACCION DE IGV. D.LEG 917;2.1.40.401.001.031270;31270;CONTRAP; -;DETRACCION DE IGV. D.LEG 917;D É B I T O;C R É D I T O;DÍA;LOTE;T;MOV;UA;08.02;VALOR FATURA:215/1 SENEZGRAF E.I.R.L.  ;403;00064/6295;A;53;;;;510,00;PERIODO :;403;*****   T O T A L E S   *****;147.847,00;114.385,00;*****   SALDO   ACTUAL  *****;;50.643,00;,
----------;CUENT.ANTERIORES;----------;---------------;CUENTA;--------------;TRIBUTOS, CONT.Y APORTES AL SIST PENSION;GOBIERNO CENTRAL-SUNAT;IMPUESTO GENERAL A LAS VENTAS;H I S T Ó R I C O;POR;DETRACCION DE IGV. D.LEG 917;2.1.40.401.001.031270;31270;CONTRAP; -;DETRACCION DE IGV. D.LEG 917;D É B I T O;C R É D I T O;DÍA;LOTE;T;MOV;UA;10.02;VALOR FATURA:9089/1 BUENA VISTA SAC  ;403;00036/6295;A;5;;;;965,00;PERIODO :;403;*****   T O T A L E S   *****;147.847,00;114.385,00;*****   SALDO   ACTUAL  *****;;50.643,00;,
----------;CUENT.ANTERIORES;----------;---------------;CUENTA;--------------;TRIBUTOS, CONT.Y APORTES AL SIST PENSION;GOBIERNO CENTRAL-SUNAT;IMPUESTO GENERAL A LAS VENTAS;H I S T Ó R I C O;POR;DETRACCION DE IGV. D.LEG 917;2.1.40.401.001.031270;31270;CONTRAP; -;DETRACCION DE IGV. D.LEG 917;D É B I T O;C R É D I T O;DÍA;LOTE;T;MOV;UA;11.02;PAGO PPI 1856089/1 PARIZACA CORDOVA JACKELINE SONIA,RUC -10441694259  ;403;00035/6295;A;3;;;138,00;;PERIODO :;403;*****   T O T A L E S   *****;147.847,00;114.385,00;*****   SALDO   ACTUAL  *****;;50.643,00;
----------;CUENT.ANTERIORES;----------;---------------;CUENTA;--------------;TRIBUTOS, CONT.Y APORTES AL SIST PENSION;GOBIERNO CENTRAL-SUNAT;IMPUESTO GENERAL A LAS VENTAS;H I S T Ó R I C O;POR;DETRACCION DE IGV. D.LEG 917;2.1.40.401.001.031270;31270;CONTRAP; -;DETRACCION DE IGV. D.LEG 917;D É B I T O;C R É D I T O;DÍA;LOTE;T;MOV;UA;11.02;PAGO PPI 1857246/1 SNC LAVALIN PERU S.A,RUC-20173074108   ;403;00035/6295;A;5;;;20.095,00;;PERIODO :;403;*****   T O T A L E S   *****;147.847,00;114.385,00;*****   SALDO   ACTUAL  *****;;50.643,00;
----------;CUENT.ANTERIORES;----------;---------------;CUENTA;--------------;TRIBUTOS, CONT.Y APORTES AL SIST PENSION;GOBIERNO CENTRAL-SUNAT;IMPUESTO GENERAL A LAS VENTAS;H I S T Ó R I C O;POR;DETRACCION DE IGV. D.LEG 917;2.1.40.401.001.031270;31270;CONTRAP; -;DETRACCION DE IGV. D.LEG 917;D É B I T O;C R É D I T O;DÍA;LOTE;T;MOV;UA;11.02;PAGO PPI 1856476/1 GESTION DE SERVICIOS AMBIENTALES S.A .C.,RUC-20507850091  ;403;00035/6295;A;7;;;696,00;;PERIODO :;403;*****   T O T A L E S   *****;147.847,00;114.385,00;*****   SALDO   ACTUAL  *****;;50.643,00;
----------;CUENT.ANTERIORES;----------;---------------;CUENTA;--------------;TRIBUTOS, CONT.Y APORTES AL SIST PENSION;GOBIERNO CENTRAL-SUNAT;IMPUESTO GENERAL A LAS VENTAS;H I S T Ó R I C O;POR;DETRACCION DE IGV. D.LEG 917;2.1.40.401.001.031270;31270;CONTRAP; -;DETRACCION DE IGV. D.LEG 917;D É B I T O;C R É D I T O;DÍA;LOTE;T;MOV;UA;11.02;PAGO PPI 1856110/1 PARIZACA CORDOVA JACKELINE SONIA,RUC -10441694259  ;403;00035/6295;A;9;;;301,00;;PERIODO :;403;*****   T O T A L E S   *****;147.847,00;114.385,00;*****   SALDO   ACTUAL  *****;;50.643,00;
----------;CUENT.ANTERIORES;----------;---------------;CUENTA;--------------;TRIBUTOS, CONT.Y APORTES AL SIST PENSION;GOBIERNO CENTRAL-SUNAT;IMPUESTO GENERAL A LAS VENTAS;H I S T Ó R I C O;POR;DETRACCION DE IGV. D.LEG 917;2.1.40.401.001.031270;31270;CONTRAP; -;DETRACCION DE IGV. D.LEG 917;D É B I T O;C R É D I T O;DÍA;LOTE;T;MOV;UA;11.02;PAGO PPI 1856172/1 PARIZACA CORDOVA JACKELINE SONIA,RUC -10441694259  ;403;00035/6295;A;11;;;296,00;;PERIODO :;403;*****   T O T A L E S   *****;147.847,00;114.385,00;*****   SALDO   ACTUAL  *****;;50.643,00;
----------;CUENT.ANTERIORES;----------;---------------;CUENTA;--------------;TRIBUTOS, CONT.Y APORTES AL SIST PENSION;GOBIERNO CENTRAL-SUNAT;IMPUESTO GENERAL A LAS VENTAS;H I S T Ó R I C O;POR;DETRACCION DE IGV. D.LEG 917;2.1.40.401.001.031270;31270;CONTRAP; -;DETRACCION DE IGV. D.LEG 917;D É B I T O;C R É D I T O;DÍA;LOTE;T;MOV;UA;11.02;PAGO PPI 1856627/1 CONSTRUCTORA Y TRANSPORTES MACONSA,R UC-20120761006  ;403;00035/6295;A;13;;;15.983,00;;PERIODO :;403;*****   T O T A L E S   *****;147.847,00;114.385,00;*****   SALDO   ACTUAL  *****;;50.643,00;
----------;CUENT.ANTERIORES;----------;---------------;CUENTA;--------------;TRIBUTOS, CONT.Y APORTES AL SIST PENSION;GOBIERNO CENTRAL-SUNAT;IMPUESTO GENERAL A LAS VENTAS;H I S T Ó R I C O;POR;DETRACCION DE IGV. D.LEG 917;2.1.40.401.001.031270;31270;CONTRAP; -;DETRACCION DE IGV. D.LEG 917;D É B I T O;C R É D I T O;DÍA;LOTE;T;MOV;UA;11.02;PAGO PPI 1856651/1 A & S SOLUTIONS S.R.L.,RUC-203357787 75  ;403;00035/6295;A;15;;;7.602,00;;PERIODO :;403;*****   T O T A L E S   *****;147.847,00;114.385,00;*****   SALDO   ACTUAL  *****;;50.643,00;
----------;CUENT.ANTERIORES;----------;---------------;CUENTA;--------------;TRIBUTOS, CONT.Y APORTES AL SIST PENSION;GOBIERNO CENTRAL-SUNAT;IMPUESTO GENERAL A LAS VENTAS;H I S T Ó R I C O;POR;DETRACCION DE IGV. D.LEG 917;2.1.40.401.001.031270;31270;CONTRAP; -;DETRACCION DE IGV. D.LEG 917;D É B I T O;C R É D I T O;DÍA;LOTE;T;MOV;UA;11.02;PAGO PPI 1857105/1 CONTROL TOTAL SAC,RUC-20412942052   ;403;00035/6295;A;17;;;4.534,00;;PERIODO :;403;*****   T O T A L E S   *****;147.847,00;114.385,00;*****   SALDO   ACTUAL  *****;;50.643,00;
----------;CUENT.ANTERIORES;----------;---------------;CUENTA;--------------;TRIBUTOS, CONT.Y APORTES AL SIST PENSION;GOBIERNO CENTRAL-SUNAT;IMPUESTO GENERAL A LAS VENTAS;H I S T Ó R I C O;POR;DETRACCION DE IGV. D.LEG 917;2.1.40.401.001.031270;31270;CONTRAP; -;DETRACCION DE IGV. D.LEG 917;D É B I T O;C R É D I T O;DÍA;LOTE;T;MOV;UA;11.02;PAGO PPI 1857108/1 GESTION DE SERVICIOS AMBIENTALES S.A .C.,RUC-20507850091  ;403;00035/6295;A;20;;;404,00;;PERIODO :;403;*****   T O T A L E S   *****;147.847,00;114.385,00;*****   SALDO   ACTUAL  *****;;50.643,00;
----------;CUENT.ANTERIORES;----------;---------------;CUENTA;--------------;TRIBUTOS, CONT.Y APORTES AL SIST PENSION;GOBIERNO CENTRAL-SUNAT;IMPUESTO GENERAL A LAS VENTAS;H I S T Ó R I C O;POR;DETRACCION DE IGV. D.LEG 917;2.1.40.401.001.031270;31270;CONTRAP; -;DETRACCION DE IGV. D.LEG 917;D É B I T O;C R É D I T O;DÍA;LOTE;T;MOV;UA;11.02;PAGO PPI 1857109/1 SALUD OCUPACIONAL INTEGRAL SAN GABRI EL,RUC-20539477600  ;403;00035/6295;A;22;;;881,00;;PERIODO :;403;*****   T O T A L E S   *****;147.847,00;114.385,00;*****   SALDO   ACTUAL  *****;;50.643,00;
----------;CUENT.ANTERIORES;----------;---------------;CUENTA;--------------;TRIBUTOS, CONT.Y APORTES AL SIST PENSION;GOBIERNO CENTRAL-SUNAT;IMPUESTO GENERAL A LAS VENTAS;H I S T Ó R I C O;POR;DETRACCION DE IGV. D.LEG 917;2.1.40.401.001.031270;31270;CONTRAP; -;DETRACCION DE IGV. D.LEG 917;D É B I T O;C R É D I T O;DÍA;LOTE;T;MOV;UA;11.02;PAGO PPI 1857111/1 EXTRAMES S.A.C.,RUC-20498564233   ;403;00035/6295;A;24;;;13.230,00;;PERIODO :;403;*****   T O T A L E S   *****;147.847,00;114.385,00;*****   SALDO   ACTUAL  *****;;50.643,00;
----------;CUENT.ANTERIORES;----------;---------------;CUENTA;--------------;TRIBUTOS, CONT.Y APORTES AL SIST PENSION;GOBIERNO CENTRAL-SUNAT;IMPUESTO GENERAL A LAS VENTAS;H I S T Ó R I C O;POR;DETRACCION DE IGV. D.LEG 917;2.1.40.401.001.031270;31270;CONTRAP; -;DETRACCION DE IGV. D.LEG 917;D É B I T O;C R É D I T O;DÍA;LOTE;T;MOV;UA;11.02;PAGO PPI 1857118/1 MURGA ROCHA HUGO MARTIN,RUC-10401873 827  ;403;00035/6295;A;26;;;80,00;;PERIODO :;403;*****   T O T A L E S   *****;147.847,00;114.385,00;*****   SALDO   ACTUAL  *****;;50.643,00;
----------;CUENT.ANTERIORES;----------;---------------;CUENTA;--------------;TRIBUTOS, CONT.Y APORTES AL SIST PENSION;GOBIERNO CENTRAL-SUNAT;IMPUESTO GENERAL A LAS VENTAS;H I S T Ó R I C O;POR;DETRACCION DE IGV. D.LEG 917;2.1.40.401.001.031270;31270;CONTRAP; -;DETRACCION DE IGV. D.LEG 917;D É B I T O;C R É D I T O;DÍA;LOTE;T;MOV;UA;11.02;PAGO PPI 1857114/1 CENTRO MEDICO DIVINO NIÑO-MOLLENDO,R UC-20456195912  ;403;00035/6295;A;28;;;329,00;;PERIODO :;403;*****   T O T A L E S   *****;147.847,00;114.385,00;*****   SALDO   ACTUAL  *****;;50.643,00;
----------;CUENT.ANTERIORES;----------;---------------;CUENTA;--------------;TRIBUTOS, CONT.Y APORTES AL SIST PENSION;GOBIERNO CENTRAL-SUNAT;IMPUESTO GENERAL A LAS VENTAS;H I S T Ó R I C O;POR;DETRACCION DE IGV. D.LEG 917;2.1.40.401.001.031270;31270;CONTRAP; -;DETRACCION DE IGV. D.LEG 917;D É B I T O;C R É D I T O;DÍA;LOTE;T;MOV;UA;11.02;PAGO PPI 1857115/1 MURGA ROCHA HUGO MARTIN,RUC-10401873 827  ;403;00035/6295;A;30;;;80,00;;PERIODO :;403;*****   T O T A L E S   *****;147.847,00;114.385,00;*****   SALDO   ACTUAL  *****;;50.643,00;
----------;CUENT.ANTERIORES;----------;---------------;CUENTA;--------------;TRIBUTOS, CONT.Y APORTES AL SIST PENSION;GOBIERNO CENTRAL-SUNAT;IMPUESTO GENERAL A LAS VENTAS;H I S T Ó R I C O;POR;DETRACCION DE IGV. D.LEG 917;2.1.40.401.001.031270;31270;CONTRAP; -;DETRACCION DE IGV. D.LEG 917;D É B I T O;C R É D I T O;DÍA;LOTE;T;MOV;UA;11.02;PAGO PPI 1857116/1 MURGA ROCHA HUGO MARTIN,RUC-10401873 827  ;403;00035/6295;A;32;;;142,00;;PERIODO :;403;*****   T O T A L E S   *****;147.847,00;114.385,00;*****   SALDO   ACTUAL  *****;;50.643,00;
----------;CUENT.ANTERIORES;----------;---------------;CUENTA;--------------;TRIBUTOS, CONT.Y APORTES AL SIST PENSION;GOBIERNO CENTRAL-SUNAT;IMPUESTO GENERAL A LAS VENTAS;H I S T Ó R I C O;POR;DETRACCION DE IGV. D.LEG 917;2.1.40.401.001.031270;31270;CONTRAP; -;DETRACCION DE IGV. D.LEG 917;D É B I T O;C R É D I T O;DÍA;LOTE;T;MOV;UA;11.02;PAGO PPI 1857106/1 LINARES LINARES FRANCISCO,RUC-102944 66121  ;403;00035/6295;A;33;;;71,00;;PERIODO :;403;*****   T O T A L E S   *****;147.847,00;114.385,00;*****   SALDO   ACTUAL  *****;;50.643,00;
----------;CUENT.ANTERIORES;----------;---------------;CUENTA;--------------;TRIBUTOS, CONT.Y APORTES AL SIST PENSION;GOBIERNO CENTRAL-SUNAT;IMPUESTO GENERAL A LAS VENTAS;H I S T Ó R I C O;POR;DETRACCION DE IGV. D.LEG 917;2.1.40.401.001.031270;31270;CONTRAP; -;DETRACCION DE IGV. D.LEG 917;D É B I T O;C R É D I T O;DÍA;LOTE;T;MOV;UA;11.02;PAGO PPI 1857107/1 LINARES LINARES FRANCISCO,RUC-102944 66121  ;403;00035/6295;A;35;;;159,00;;PERIODO :;403;*****   T O T A L E S   *****;147.847,00;114.385,00;*****   SALDO   ACTUAL  *****;;50.643,00;
----------;CUENT.ANTERIORES;----------;---------------;CUENTA;--------------;TRIBUTOS, CONT.Y APORTES AL SIST PENSION;GOBIERNO CENTRAL-SUNAT;IMPUESTO GENERAL A LAS VENTAS;H I S T Ó R I C O;POR;DETRACCION DE IGV. D.LEG 917;2.1.40.401.001.031270;31270;CONTRAP; -;DETRACCION DE IGV. D.LEG 917;D É B I T O;C R É D I T O;DÍA;LOTE;T;MOV;UA;11.02;PAGO PPI 1844856/1 BUSINESS QUALITY PRICES S.A.,RUC-205 58325365  ;403;00035/6295;A;37;;;112,00;;PERIODO :;403;*****   T O T A L E S   *****;147.847,00;114.385,00;*****   SALDO   ACTUAL  *****;;50.643,00;
----------;CUENT.ANTERIORES;----------;---------------;CUENTA;--------------;TRIBUTOS, CONT.Y APORTES AL SIST PENSION;GOBIERNO CENTRAL-SUNAT;IMPUESTO GENERAL A LAS VENTAS;H I S T Ó R I C O;POR;DETRACCION DE IGV. D.LEG 917;2.1.40.401.001.031270;31270;CONTRAP; -;DETRACCION DE IGV. D.LEG 917;D É B I T O;C R É D I T O;DÍA;LOTE;T;MOV;UA;11.02;PAGO PPI 1856303/1 RAGALSA E.I.R.L,RUC-20547039531   ;403;00035/6295;A;39;;;330,00;;PERIODO :;403;*****   T O T A L E S   *****;147.847,00;114.385,00;*****   SALDO   ACTUAL  *****;;50.643,00;
----------;CUENT.ANTERIORES;----------;---------------;CUENTA;--------------;TRIBUTOS, CONT.Y APORTES AL SIST PENSION;GOBIERNO CENTRAL-SUNAT;IMPUESTO GENERAL A LAS VENTAS;H I S T Ó R I C O;POR;DETRACCION DE IGV. D.LEG 917;2.1.40.401.001.031270;31270;CONTRAP; -;DETRACCION DE IGV. D.LEG 917;D É B I T O;C R É D I T O;DÍA;LOTE;T;MOV;UA;11.02;PAGO PPI 1856459/1 TRANSBER S.A.C.,RUC-20101158927   ;403;00035/6295;A;41;;;345,00;;PERIODO :;403;*****   T O T A L E S   *****;147.847,00;114.385,00;*****   SALDO   ACTUAL  *****;;50.643,00;
----------;CUENT.ANTERIORES;----------;---------------;CUENTA;--------------;TRIBUTOS, CONT.Y APORTES AL SIST PENSION;GOBIERNO CENTRAL-SUNAT;IMPUESTO GENERAL A LAS VENTAS;H I S T Ó R I C O;POR;DETRACCION DE IGV. D.LEG 917;2.1.40.401.001.031270;31270;CONTRAP; -;DETRACCION DE IGV. D.LEG 917;D É B I T O;C R É D I T O;DÍA;LOTE;T;MOV;UA;11.02;PAGO PPI 1856008/1 TELEPROCESAMIENTO DE DATOS VITALES S AC,RUC-20510249586  ;403;00035/6295;A;43;;;399,00;;PERIODO :;403;*****   T O T A L E S   *****;147.847,00;114.385,00;*****   SALDO   ACTUAL  *****;;50.643,00;
----------;CUENT.ANTERIORES;----------;---------------;CUENTA;--------------;TRIBUTOS, CONT.Y APORTES AL SIST PENSION;GOBIERNO CENTRAL-SUNAT;IMPUESTO GENERAL A LAS VENTAS;H I S T Ó R I C O;POR;DETRACCION DE IGV. D.LEG 917;2.1.40.401.001.031270;31270;CONTRAP; -;DETRACCION DE IGV. D.LEG 917;D É B I T O;C R É D I T O;DÍA;LOTE;T;MOV;UA;11.02;PAGO PPI 1856013/1 TELEPROCESAMIENTO DE DATOS VITALES S AC,RUC-20510249586  ;403;00035/6295;A;45;;;1.516,00;;PERIODO :;403;*****   T O T A L E S   *****;147.847,00;114.385,00;*****   SALDO   ACTUAL  *****;;50.643,00;
----------;CUENT.ANTERIORES;----------;---------------;CUENTA;--------------;TRIBUTOS, CONT.Y APORTES AL SIST PENSION;GOBIERNO CENTRAL-SUNAT;IMPUESTO GENERAL A LAS VENTAS;H I S T Ó R I C O;POR;DETRACCION DE IGV. D.LEG 917;2.1.40.401.001.031270;31270;CONTRAP; -;DETRACCION DE IGV. D.LEG 917;D É B I T O;C R É D I T O;DÍA;LOTE;T;MOV;UA;11.02;PAGO PPI 1856017/1 TELEPROCESAMIENTO DE DATOS VITALES S AC,RUC-20510249586  ;403;00035/6295;A;47;;;399,00;;PERIODO :;403;*****   T O T A L E S   *****;147.847,00;114.385,00;*****   SALDO   ACTUAL  *****;;50.643,00;
----------;CUENT.ANTERIORES;----------;---------------;CUENTA;--------------;TRIBUTOS, CONT.Y APORTES AL SIST PENSION;GOBIERNO CENTRAL-SUNAT;IMPUESTO GENERAL A LAS VENTAS;H I S T Ó R I C O;POR;DETRACCION DE IGV. D.LEG 917;2.1.40.401.001.031270;31270;CONTRAP; -;DETRACCION DE IGV. D.LEG 917;D É B I T O;C R É D I T O;DÍA;LOTE;T;MOV;UA;11.02;PAGO PPI 1856020/1 TELEPROCESAMIENTO DE DATOS VITALES S AC,RUC-20510249586  ;403;00035/6295;A;49;;;1.219,00;;PERIODO :;403;*****   T O T A L E S   *****;147.847,00;114.385,00;*****   SALDO   ACTUAL  *****;;50.643,00;
----------;CUENT.ANTERIORES;----------;---------------;CUENTA;--------------;TRIBUTOS, CONT.Y APORTES AL SIST PENSION;GOBIERNO CENTRAL-SUNAT;IMPUESTO GENERAL A LAS VENTAS;H I S T Ó R I C O;POR;DETRACCION DE IGV. D.LEG 917;2.1.40.401.001.031270;31270;CONTRAP; -;DETRACCION DE IGV. D.LEG 917;D É B I T O;C R É D I T O;DÍA;LOTE;T;MOV;UA;11.02;PAGO PPI 1856043/1 SOLUCIONES ECOLOGICAS S.A.C.,RUC-204 55203580  ;403;00035/6295;A;51;;;365,00;;PERIODO :;403;*****   T O T A L E S   *****;147.847,00;114.385,00;*****   SALDO   ACTUAL  *****;;50.643,00;
----------;CUENT.ANTERIORES;----------;---------------;CUENTA;--------------;TRIBUTOS, CONT.Y APORTES AL SIST PENSION;GOBIERNO CENTRAL-SUNAT;IMPUESTO GENERAL A LAS VENTAS;H I S T Ó R I C O;POR;DETRACCION DE IGV. D.LEG 917;2.1.40.401.001.031270;31270;CONTRAP; -;DETRACCION DE IGV. D.LEG 917;D É B I T O;C R É D I T O;DÍA;LOTE;T;MOV;UA;11.02;PAGO PPI 1856051/1 SOLUCIONES ECOLOGICAS S.A.C.,RUC-204 55203580  ;403;00035/6295;A;53;;;636,00;;PERIODO :;403;*****   T O T A L E S   *****;147.847,00;114.385,00;*****   SALDO   ACTUAL  *****;;50.643,00;
----------;CUENT.ANTERIORES;----------;---------------;CUENTA;--------------;TRIBUTOS, CONT.Y APORTES AL SIST PENSION;GOBIERNO CENTRAL-SUNAT;IMPUESTO GENERAL A LAS VENTAS;H I S T Ó R I C O;POR;DETRACCION DE IGV. D.LEG 917;2.1.40.401.001.031270;31270;CONTRAP; -;DETRACCION DE IGV. D.LEG 917;D É B I T O;C R É D I T O;DÍA;LOTE;T;MOV;UA;11.02;PAGO PPI 1857117/1 MURGA ROCHA HUGO MARTIN,RUC-10401873 827  ;403;00035/6295;A;55;;;142,00;;PERIODO :;403;*****   T O T A L E S   *****;147.847,00;114.385,00;*****   SALDO   ACTUAL  *****;;50.643,00;
----------;CUENT.ANTERIORES;----------;---------------;CUENTA;--------------;TRIBUTOS, CONT.Y APORTES AL SIST PENSION;GOBIERNO CENTRAL-SUNAT;IMPUESTO GENERAL A LAS VENTAS;H I S T Ó R I C O;POR;DETRACCION DE IGV. D.LEG 917;2.1.40.401.001.031270;31270;CONTRAP; -;DETRACCION DE IGV. D.LEG 917;D É B I T O;C R É D I T O;DÍA;LOTE;T;MOV;UA;11.02;PAGO PPI 1857119/1 MURGA ROCHA HUGO MARTIN,RUC-10401873 827  ;403;00035/6295;A;57;;;80,00;;PERIODO :;403;*****   T O T A L E S   *****;147.847,00;114.385,00;*****   SALDO   ACTUAL  *****;;50.643,00;
----------;CUENT.ANTERIORES;----------;---------------;CUENTA;--------------;TRIBUTOS, CONT.Y APORTES AL SIST PENSION;GOBIERNO CENTRAL-SUNAT;IMPUESTO GENERAL A LAS VENTAS;H I S T Ó R I C O;POR;DETRACCION DE IGV. D.LEG 917;2.1.40.401.001.031270;31270;CONTRAP; -;DETRACCION DE IGV. D.LEG 917;D É B I T O;C R É D I T O;DÍA;LOTE;T;MOV;UA;11.02;PAGO PPI 1857120/1 MURGA ROCHA HUGO MARTIN,RUC-10401873 827  ;403;00035/6295;A;59;;;142,00;;PERIODO :;403;*****   T O T A L E S   *****;147.847,00;114.385,00;*****   SALDO   ACTUAL  *****;;50.643,00;
----------;CUENT.ANTERIORES;----------;---------------;CUENTA;--------------;TRIBUTOS, CONT.Y APORTES AL SIST PENSION;GOBIERNO CENTRAL-SUNAT;IMPUESTO GENERAL A LAS VENTAS;H I S T Ó R I C O;POR;DETRACCION DE IGV. D.LEG 917;2.1.40.401.001.031270;31270;CONTRAP; -;DETRACCION DE IGV. D.LEG 917;D É B I T O;C R É D I T O;DÍA;LOTE;T;MOV;UA;11.02;PAGO PPI 1857121/1 EMTRAHAVE S.A.C,RUC-20481372454   ;403;00035/6295;A;61;;;2.300,00;;PERIODO :;403;*****   T O T A L E S   *****;147.847,00;114.385,00;*****   SALDO   ACTUAL  *****;;50.643,00;
----------;CUENT.ANTERIORES;----------;---------------;CUENTA;--------------;TRIBUTOS, CONT.Y APORTES AL SIST PENSION;GOBIERNO CENTRAL-SUNAT;IMPUESTO GENERAL A LAS VENTAS;H I S T Ó R I C O;POR;DETRACCION DE IGV. D.LEG 917;2.1.40.401.001.031270;31270;CONTRAP; -;DETRACCION DE IGV. D.LEG 917;D É B I T O;C R É D I T O;DÍA;LOTE;T;MOV;UA;11.02;PAGO PPI 1857122/1 EMP.ABUGATTAS ABUSADA ARQUITECTOS EI RL,RUC-20539399889  ;403;00035/6295;A;63;;;4.372,00;;PERIODO :;403;*****   T O T A L E S   *****;147.847,00;114.385,00;*****   SALDO   ACTUAL  *****;;50.643,00;
----------;CUENT.ANTERIORES;----------;---------------;CUENTA;--------------;TRIBUTOS, CONT.Y APORTES AL SIST PENSION;GOBIERNO CENTRAL-SUNAT;IMPUESTO GENERAL A LAS VENTAS;H I S T Ó R I C O;POR;DETRACCION DE IGV. D.LEG 917;2.1.40.401.001.031270;31270;CONTRAP; -;DETRACCION DE IGV. D.LEG 917;D É B I T O;C R É D I T O;DÍA;LOTE;T;MOV;UA;11.02;PAGO PPI 1856858/1 SOSA JIMENEZ KELLY NEREA,RUC-1044920 9040  ;403;00035/6295;A;65;;;86,00;;PERIODO :;403;*****   T O T A L E S   *****;147.847,00;114.385,00;*****   SALDO   ACTUAL  *****;;50.643,00;
----------;CUENT.ANTERIORES;----------;---------------;CUENTA;--------------;TRIBUTOS, CONT.Y APORTES AL SIST PENSION;GOBIERNO CENTRAL-SUNAT;IMPUESTO GENERAL A LAS VENTAS;H I S T Ó R I C O;POR;DETRACCION DE IGV. D.LEG 917;2.1.40.401.001.031270;31270;CONTRAP; -;DETRACCION DE IGV. D.LEG 917;D É B I T O;C R É D I T O;DÍA;LOTE;T;MOV;UA;11.02;PAGO PPI 1856869/1 REPRODATA S.A.C.,RUC-20100340438   ;403;00035/6295;A;67;;;159,00;;PERIODO :;403;*****   T O T A L E S   *****;147.847,00;114.385,00;*****   SALDO   ACTUAL  *****;;50.643,00;
----------;CUENT.ANTERIORES;----------;---------------;CUENTA;--------------;TRIBUTOS, CONT.Y APORTES AL SIST PENSION;GOBIERNO CENTRAL-SUNAT;IMPUESTO GENERAL A LAS VENTAS;H I S T Ó R I C O;POR;DETRACCION DE IGV. D.LEG 917;2.1.40.401.001.031270;31270;CONTRAP; -;DETRACCION DE IGV. D.LEG 917;D É B I T O;C R É D I T O;DÍA;LOTE;T;MOV;UA;11.02;PAGO PPI 1856222/1 INVERSIONES VELASQUEZ E.I.R.L.,RUC-2 0498357106  ;403;00035/6295;A;69;;;3.480,00;;PERIODO :;403;*****   T O T A L E S   *****;147.847,00;114.385,00;*****   SALDO   ACTUAL  *****;;50.643,00;
----------;CUENT.ANTERIORES;----------;---------------;CUENTA;--------------;TRIBUTOS, CONT.Y APORTES AL SIST PENSION;GOBIERNO CENTRAL-SUNAT;IMPUESTO GENERAL A LAS VENTAS;H I S T Ó R I C O;POR;DETRACCION DE IGV. D.LEG 917;2.1.40.401.001.031270;31270;CONTRAP; -;DETRACCION DE IGV. D.LEG 917;D É B I T O;C R É D I T O;DÍA;LOTE;T;MOV;UA;11.02;PAGO PPI 1856245/1 LINARES LINARES FRANCISCO,RUC-102944 66121  ;403;00035/6295;A;71;;;71,00;;PERIODO :;403;*****   T O T A L E S   *****;147.847,00;114.385,00;*****   SALDO   ACTUAL  *****;;50.643,00;
----------;CUENT.ANTERIORES;----------;---------------;CUENTA;--------------;TRIBUTOS, CONT.Y APORTES AL SIST PENSION;GOBIERNO CENTRAL-SUNAT;IMPUESTO GENERAL A LAS VENTAS;H I S T Ó R I C O;POR;DETRACCION DE IGV. D.LEG 917;2.1.40.401.001.031270;31270;CONTRAP; -;DETRACCION DE IGV. D.LEG 917;D É B I T O;C R É D I T O;DÍA;LOTE;T;MOV;UA;11.02;PAGO PPI 1856256/1 COMSATEL PERU S. A. C.,RUC-203300967 49  ;403;00035/6295;A;73;;;708,00;;PERIODO :;403;*****   T O T A L E S   *****;147.847,00;114.385,00;*****   SALDO   ACTUAL  *****;;50.643,00;
----------;CUENT.ANTERIORES;----------;---------------;CUENTA;--------------;TRIBUTOS, CONT.Y APORTES AL SIST PENSION;GOBIERNO CENTRAL-SUNAT;IMPUESTO GENERAL A LAS VENTAS;H I S T Ó R I C O;POR;DETRACCION DE IGV. D.LEG 917;2.1.40.401.001.031270;31270;CONTRAP; -;DETRACCION DE IGV. D.LEG 917;D É B I T O;C R É D I T O;DÍA;LOTE;T;MOV;UA;11.02;PAGO PPI 1856272/1 REPUESTOS Y LUBRICANTES SYRASA A EIR L,RUC-20141140257  ;403;00035/6295;A;75;;;704,00;;PERIODO :;403;*****   T O T A L E S   *****;147.847,00;114.385,00;*****   SALDO   ACTUAL  *****;;50.643,00;
----------;CUENT.ANTERIORES;----------;---------------;CUENTA;--------------;TRIBUTOS, CONT.Y APORTES AL SIST PENSION;GOBIERNO CENTRAL-SUNAT;IMPUESTO GENERAL A LAS VENTAS;H I S T Ó R I C O;POR;DETRACCION DE IGV. D.LEG 917;2.1.40.401.001.031270;31270;CONTRAP; -;DETRACCION DE IGV. D.LEG 917;D É B I T O;C R É D I T O;DÍA;LOTE;T;MOV;UA;11.02;PAGO PPI 1856282/1 AUTOMOTRIZ INCAMOTORS S.A.C.,RUC-204 55307954  ;403;00035/6295;A;77;;;87,00;;PERIODO :;403;*****   T O T A L E S   *****;147.847,00;114.385,00;*****   SALDO   ACTUAL  *****;;50.643,00;
----------;CUENT.ANTERIORES;----------;---------------;CUENTA;--------------;TRIBUTOS, CONT.Y APORTES AL SIST PENSION;GOBIERNO CENTRAL-SUNAT;IMPUESTO GENERAL A LAS VENTAS;H I S T Ó R I C O;POR;DETRACCION DE IGV. D.LEG 917;2.1.40.401.001.031270;31270;CONTRAP; -;DETRACCION DE IGV. D.LEG 917;D É B I T O;C R É D I T O;DÍA;LOTE;T;MOV;UA;11.02;PAGO PPI 1856288/1 AUTOMOTRIZ INCAMOTORS S.A.C.,RUC-204 55307954  ;403;00035/6295;A;79;;;87,00;;PERIODO :;403;*****   T O T A L E S   *****;147.847,00;114.385,00;*****   SALDO   ACTUAL  *****;;50.643,00;
----------;CUENT.ANTERIORES;----------;---------------;CUENTA;--------------;TRIBUTOS, CONT.Y APORTES AL SIST PENSION;GOBIERNO CENTRAL-SUNAT;IMPUESTO GENERAL A LAS VENTAS;H I S T Ó R I C O;POR;DETRACCION DE IGV. D.LEG 917;2.1.40.401.001.031270;31270;CONTRAP; -;DETRACCION DE IGV. D.LEG 917;D É B I T O;C R É D I T O;DÍA;LOTE;T;MOV;UA;11.02;PAGO PPI 1856299/1 REMARSA HIDRAULICA SAC,RUC-205079432 69  ;403;00035/6295;A;81;;;597,00;;PERIODO :;403;*****   T O T A L E S   *****;147.847,00;114.385,00;*****   SALDO   ACTUAL  *****;;50.643,00;
----------;CUENT.ANTERIORES;----------;---------------;CUENTA;--------------;TRIBUTOS, CONT.Y APORTES AL SIST PENSION;GOBIERNO CENTRAL-SUNAT;IMPUESTO GENERAL A LAS VENTAS;H I S T Ó R I C O;POR;DETRACCION DE IGV. D.LEG 917;2.1.40.401.001.031270;31270;CONTRAP; -;DETRACCION DE IGV. D.LEG 917;D É B I T O;C R É D I T O;DÍA;LOTE;T;MOV;UA;11.02;PAGO PPI 1856386/1 RODRIGUEZ SABOYA SARA,RUC-1005389761 0  ;403;00035/6295;A;83;;;510,00;;PERIODO :;403;*****   T O T A L E S   *****;147.847,00;114.385,00;*****   SALDO   ACTUAL  *****;;50.643,00;
----------;CUENT.ANTERIORES;----------;---------------;CUENTA;--------------;TRIBUTOS, CONT.Y APORTES AL SIST PENSION;GOBIERNO CENTRAL-SUNAT;IMPUESTO GENERAL A LAS VENTAS;H I S T Ó R I C O;POR;DETRACCION DE IGV. D.LEG 917;2.1.40.401.001.031270;31270;CONTRAP; -;DETRACCION DE IGV. D.LEG 917;D É B I T O;C R É D I T O;DÍA;LOTE;T;MOV;UA;13.02;VALOR FATURA:239/1 SOLUCIONES ECOLOGICAS S.A.C.  ;403;00052/6295;A;5;;;;635,00;PERIODO :;403;*****   T O T A L E S   *****;147.847,00;114.385,00;*****   SALDO   ACTUAL  *****;;50.643,00;,
----------;CUENT.ANTERIORES;----------;---------------;CUENTA;--------------;TRIBUTOS, CONT.Y APORTES AL SIST PENSION;GOBIERNO CENTRAL-SUNAT;IMPUESTO GENERAL A LAS VENTAS;H I S T Ó R I C O;POR;DETRACCION DE IGV. D.LEG 917;2.1.40.401.001.031270;31270;CONTRAP; -;DETRACCION DE IGV. D.LEG 917;D É B I T O;C R É D I T O;DÍA;LOTE;T;MOV;UA;13.02;VALOR FATURA:50/1 PARIZACA CORDOVA JACKELINE SONIA  ;403;00052/6295;A;21;;;;121,00;PERIODO :;403;*****   T O T A L E S   *****;147.847,00;114.385,00;*****   SALDO   ACTUAL  *****;;50.643,00;,
----------;CUENT.ANTERIORES;----------;---------------;CUENTA;--------------;TRIBUTOS, CONT.Y APORTES AL SIST PENSION;GOBIERNO CENTRAL-SUNAT;IMPUESTO GENERAL A LAS VENTAS;H I S T Ó R I C O;POR;DETRACCION DE IGV. D.LEG 917;2.1.40.401.001.031270;31270;CONTRAP; -;DETRACCION DE IGV. D.LEG 917;D É B I T O;C R É D I T O;DÍA;LOTE;T;MOV;UA;13.02;VALOR FATURA:57028/1 COMSATEL PERU S. A. C.  ;403;00052/6295;A;37;;;;356,00;PERIODO :;403;*****   T O T A L E S   *****;147.847,00;114.385,00;*****   SALDO   ACTUAL  *****;;50.643,00;,
----------;CUENT.ANTERIORES;----------;---------------;CUENTA;--------------;TRIBUTOS, CONT.Y APORTES AL SIST PENSION;GOBIERNO CENTRAL-SUNAT;IMPUESTO GENERAL A LAS VENTAS;H I S T Ó R I C O;POR;DETRACCION DE IGV. D.LEG 917;2.1.40.401.001.031270;31270;CONTRAP; -;DETRACCION DE IGV. D.LEG 917;D É B I T O;C R É D I T O;DÍA;LOTE;T;MOV;UA;13.02;VALOR FATURA:10823/1 GORDON INGENIEROS MAQUINARIA S.A.  ;403;00052/6295;A;43;;;;289,00;PERIODO :;403;*****   T O T A L E S   *****;147.847,00;114.385,00;*****   SALDO   ACTUAL  *****;;50.643,00;,
----------;CUENT.ANTERIORES;----------;---------------;CUENTA;--------------;TRIBUTOS, CONT.Y APORTES AL SIST PENSION;GOBIERNO CENTRAL-SUNAT;IMPUESTO GENERAL A LAS VENTAS;H I S T Ó R I C O;POR;DETRACCION DE IGV. D.LEG 917;2.1.40.401.001.031270;31270;CONTRAP; -;DETRACCION DE IGV. D.LEG 917;D É B I T O;C R É D I T O;DÍA;LOTE;T;MOV;UA;13.02;VALOR FATURA:19/1 VILCHEZ ADRIANZEN DIANA ISABEL  ;403;00052/6295;A;57;;;;2.256,00;PERIODO :;403;*****   T O T A L E S   *****;147.847,00;114.385,00;*****   SALDO   ACTUAL  *****;;50.643,00;,
----------;CUENT.ANTERIORES;----------;---------------;CUENTA;--------------;TRIBUTOS, CONT.Y APORTES AL SIST PENSION;GOBIERNO CENTRAL-SUNAT;IMPUESTO GENERAL A LAS VENTAS;H I S T Ó R I C O;POR;DETRACCION DE IGV. D.LEG 917;2.1.40.401.001.031270;31270;CONTRAP; -;DETRACCION DE IGV. D.LEG 917;D É B I T O;C R É D I T O;DÍA;LOTE;T;MOV;UA;13.02;VALOR FATURA:185/1 RAGALSA E.I.R.L  ;403;00052/6295;A;67;;;;170,00;PERIODO :;403;*****   T O T A L E S   *****;147.847,00;114.385,00;*****   SALDO   ACTUAL  *****;;50.643,00;,
----------;CUENT.ANTERIORES;----------;---------------;CUENTA;--------------;TRIBUTOS, CONT.Y APORTES AL SIST PENSION;GOBIERNO CENTRAL-SUNAT;IMPUESTO GENERAL A LAS VENTAS;H I S T Ó R I C O;POR;DETRACCION DE IGV. D.LEG 917;2.1.40.401.001.031270;31270;CONTRAP; -;DETRACCION DE IGV. D.LEG 917;D É B I T O;C R É D I T O;DÍA;LOTE;T;MOV;UA;14.02;VALOR FATURA:577/1 SERVICIOS GENERALES Y & Y  ;403;00056/6295;A;53;;;;698,00;PERIODO :;403;*****   T O T A L E S   *****;147.847,00;114.385,00;*****   SALDO   ACTUAL  *****;;50.643,00;,
----------;CUENT.ANTERIORES;----------;---------------;CUENTA;--------------;TRIBUTOS, CONT.Y APORTES AL SIST PENSION;GOBIERNO CENTRAL-SUNAT;IMPUESTO GENERAL A LAS VENTAS;H I S T Ó R I C O;POR;DETRACCION DE IGV. D.LEG 917;2.1.40.401.001.031270;31270;CONTRAP; -;DETRACCION DE IGV. D.LEG 917;D É B I T O;C R É D I T O;DÍA;LOTE;T;MOV;UA;14.02;VALOR FATURA:91/1 TRANSPORTE Y SERVICIOS TRINY SAC.  ;403;00056/6295;A;59;;;;1.220,00;PERIODO :;403;*****   T O T A L E S   *****;147.847,00;114.385,00;*****   SALDO   ACTUAL  *****;;50.643,00;,
----------;CUENT.ANTERIORES;----------;---------------;CUENTA;--------------;TRIBUTOS, CONT.Y APORTES AL SIST PENSION;GOBIERNO CENTRAL-SUNAT;IMPUESTO GENERAL A LAS VENTAS;H I S T Ó R I C O;POR;DETRACCION DE IGV. D.LEG 917;2.1.40.401.001.031270;31270;CONTRAP; -;DETRACCION DE IGV. D.LEG 917;D É B I T O;C R É D I T O;DÍA;LOTE;T;MOV;UA;14.02;VALOR FATURA:161/1 LAZARTE MORALES JUAN CARLOS  ;403;00056/6295;A;65;;;;99,00;PERIODO :;403;*****   T O T A L E S   *****;147.847,00;114.385,00;*****   SALDO   ACTUAL  *****;;50.643,00;,
----------;CUENT.ANTERIORES;----------;---------------;CUENTA;--------------;TRIBUTOS, CONT.Y APORTES AL SIST PENSION;GOBIERNO CENTRAL-SUNAT;IMPUESTO GENERAL A LAS VENTAS;H I S T Ó R I C O;POR;DETRACCION DE IGV. D.LEG 917;2.1.40.401.001.031270;31270;CONTRAP; -;DETRACCION DE IGV. D.LEG 917;D É B I T O;C R É D I T O;DÍA;LOTE;T;MOV;UA;14.02;VALOR FATURA:2307/1 SERVICOTT  E.I.R.L.  ;403;00056/6295;A;97;;;;16,00;PERIODO :;403;*****   T O T A L E S   *****;147.847,00;114.385,00;*****   SALDO   ACTUAL  *****;;50.643,00;,
----------;CUENT.ANTERIORES;----------;---------------;CUENTA;--------------;TRIBUTOS, CONT.Y APORTES AL SIST PENSION;GOBIERNO CENTRAL-SUNAT;IMPUESTO GENERAL A LAS VENTAS;H I S T Ó R I C O;POR;DETRACCION DE IGV. D.LEG 917;2.1.40.401.001.031270;31270;CONTRAP; -;DETRACCION DE IGV. D.LEG 917;D É B I T O;C R É D I T O;DÍA;LOTE;T;MOV;UA;14.02;VALOR FATURA:2305/1 SERVICOTT  E.I.R.L.  ;403;00056/6295;A;99;;;;16,00;PERIODO :;403;*****   T O T A L E S   *****;147.847,00;114.385,00;*****   SALDO   ACTUAL  *****;;50.643,00;,
----------;CUENT.ANTERIORES;----------;---------------;CUENTA;--------------;TRIBUTOS, CONT.Y APORTES AL SIST PENSION;GOBIERNO CENTRAL-SUNAT;IMPUESTO GENERAL A LAS VENTAS;H I S T Ó R I C O;POR;DETRACCION DE IGV. D.LEG 917;2.1.40.401.001.031270;31270;CONTRAP; -;DETRACCION DE IGV. D.LEG 917;D É B I T O;C R É D I T O;DÍA;LOTE;T;MOV;UA;14.02;VALOR FATURA:2317/1 SERVICOTT  E.I.R.L.  ;403;00056/6295;A;101;;;;16,00;PERIODO :;403;*****   T O T A L E S   *****;147.847,00;114.385,00;*****   SALDO   ACTUAL  *****;;50.643,00;,
----------;CUENT.ANTERIORES;----------;---------------;CUENTA;--------------;TRIBUTOS, CONT.Y APORTES AL SIST PENSION;GOBIERNO CENTRAL-SUNAT;IMPUESTO GENERAL A LAS VENTAS;H I S T Ó R I C O;POR;DETRACCION DE IGV. D.LEG 917;2.1.40.401.001.031270;31270;CONTRAP; -;DETRACCION DE IGV. D.LEG 917;D É B I T O;C R É D I T O;DÍA;LOTE;T;MOV;UA;14.02;VALOR FATURA:2315/1 SERVICOTT  E.I.R.L.  ;403;00056/6295;A;111;;;;16,00;PERIODO :;403;*****   T O T A L E S   *****;147.847,00;114.385,00;*****   SALDO   ACTUAL  *****;;50.643,00;,
----------;CUENT.ANTERIORES;----------;---------------;CUENTA;--------------;TRIBUTOS, CONT.Y APORTES AL SIST PENSION;GOBIERNO CENTRAL-SUNAT;IMPUESTO GENERAL A LAS VENTAS;H I S T Ó R I C O;POR;DETRACCION DE IGV. D.LEG 917;2.1.40.401.001.031270;31270;CONTRAP; -;DETRACCION DE IGV. D.LEG 917;D É B I T O;C R É D I T O;DÍA;LOTE;T;MOV;UA;14.02;VALOR FATURA:1/1 AGUALIMPIA CONSULTORES S.A.C.  ;403;00056/6295;A;131;;;;884,00;PERIODO :;403;*****   T O T A L E S   *****;147.847,00;114.385,00;*****   SALDO   ACTUAL  *****;;50.643,00;,
----------;CUENT.ANTERIORES;----------;---------------;CUENTA;--------------;TRIBUTOS, CONT.Y APORTES AL SIST PENSION;GOBIERNO CENTRAL-SUNAT;IMPUESTO GENERAL A LAS VENTAS;H I S T Ó R I C O;POR;DETRACCION DE IGV. D.LEG 917;2.1.40.401.001.031270;31270;CONTRAP; -;DETRACCION DE IGV. D.LEG 917;D É B I T O;C R É D I T O;DÍA;LOTE;T;MOV;UA;14.02;VALOR FATURA:5371/1 CONTROL TOTAL SAC  ;403;00080/6295;A;19;;;;13.041,00;PERIODO :;403;*****   T O T A L E S   *****;147.847,00;114.385,00;*****   SALDO   ACTUAL  *****;;50.643,00;,
----------;CUENT.ANTERIORES;----------;---------------;CUENTA;--------------;TRIBUTOS, CONT.Y APORTES AL SIST PENSION;GOBIERNO CENTRAL-SUNAT;IMPUESTO GENERAL A LAS VENTAS;H I S T Ó R I C O;POR;DETRACCION DE IGV. D.LEG 917;2.1.40.401.001.031270;31270;CONTRAP; -;DETRACCION DE IGV. D.LEG 917;D É B I T O;C R É D I T O;DÍA;LOTE;T;MOV;UA;14.02;VALOR FATURA:133/1 GRUPO CIMA ALEX E.I.R.L.  ;403;00080/6295;A;21;;;;27.641,00;PERIODO :;403;*****   T O T A L E S   *****;147.847,00;114.385,00;*****   SALDO   ACTUAL  *****;;50.643,00;,
----------;CUENT.ANTERIORES;----------;---------------;CUENTA;--------------;TRIBUTOS, CONT.Y APORTES AL SIST PENSION;GOBIERNO CENTRAL-SUNAT;IMPUESTO GENERAL A LAS VENTAS;H I S T Ó R I C O;POR;DETRACCION DE IGV. D.LEG 917;2.1.40.401.001.031270;31270;CONTRAP; -;DETRACCION DE IGV. D.LEG 917;D É B I T O;C R É D I T O;DÍA;LOTE;T;MOV;UA;14.02;VALOR FATURA:134/1 EMP.ABUGATTAS ABUSADA ARQUITECTOS EIR  ;403;00080/6295;A;23;;;;6.789,00;PERIODO :;403;*****   T O T A L E S   *****;147.847,00;114.385,00;*****   SALDO   ACTUAL  *****;;50.643,00;,
----------;CUENT.ANTERIORES;----------;---------------;CUENTA;--------------;TRIBUTOS, CONT.Y APORTES AL SIST PENSION;GOBIERNO CENTRAL-SUNAT;IMPUESTO GENERAL A LAS VENTAS;H I S T Ó R I C O;POR;DETRACCION DE IGV. D.LEG 917;2.1.40.401.001.031270;31270;CONTRAP; -;DETRACCION DE IGV. D.LEG 917;D É B I T O;C R É D I T O;DÍA;LOTE;T;MOV;UA;18.02;VALOR FATURA:22936/1 REGUS BUSINESS CENTRE (PERU) S.A  ;403;00086/6295;A;6;;;;2.320,00;PERIODO :;403;*****   T O T A L E S   *****;147.847,00;114.385,00;*****   SALDO   ACTUAL  *****;;50.643,00;,
----------;CUENT.ANTERIORES;----------;---------------;CUENTA;--------------;TRIBUTOS, CONT.Y APORTES AL SIST PENSION;GOBIERNO CENTRAL-SUNAT;IMPUESTO GENERAL A LAS VENTAS;H I S T Ó R I C O;POR;DETRACCION DE IGV. D.LEG 917;2.1.40.401.001.031270;31270;CONTRAP; -;DETRACCION DE IGV. D.LEG 917;D É B I T O;C R É D I T O;DÍA;LOTE;T;MOV;UA;18.02;VALOR FATURA:22935/1 REGUS BUSINESS CENTRE (PERU) S.A  ;403;00086/6295;A;13;;;;2.320,00;PERIODO :;403;*****   T O T A L E S   *****;147.847,00;114.385,00;*****   SALDO   ACTUAL  *****;;50.643,00;,
----------;CUENT.ANTERIORES;----------;---------------;CUENTA;--------------;TRIBUTOS, CONT.Y APORTES AL SIST PENSION;GOBIERNO CENTRAL-SUNAT;IMPUESTO GENERAL A LAS VENTAS;H I S T Ó R I C O;POR;DETRACCION DE IGV. D.LEG 917;2.1.40.401.001.031270;31270;CONTRAP; -;DETRACCION DE IGV. D.LEG 917;D É B I T O;C R É D I T O;DÍA;LOTE;T;MOV;UA;18.02;VALOR FATURA:488/1 JACK LOPEZ INGENIEROS S.A.C.  ;403;00086/6295;A;19;;;;4.248,00;PERIODO :;403;*****   T O T A L E S   *****;147.847,00;114.385,00;*****   SALDO   ACTUAL  *****;;50.643,00;,
----------;CUENT.ANTERIORES;----------;---------------;CUENTA;--------------;TRIBUTOS, CONT.Y APORTES AL SIST PENSION;GOBIERNO CENTRAL-SUNAT;IMPUESTO GENERAL A LAS VENTAS;H I S T Ó R I C O;POR;DETRACCION DE IGV. D.LEG 917;2.1.40.401.001.031270;31270;CONTRAP; -;DETRACCION DE IGV. D.LEG 917;D É B I T O;C R É D I T O;DÍA;LOTE;T;MOV;UA;21.02;VALOR FATURA:56356/1 COMSATEL PERU S. A. C.  ;403;00122/6295;A;183;;;;483,00;PERIODO :;403;*****   T O T A L E S   *****;147.847,00;114.385,00;*****   SALDO   ACTUAL  *****;;50.643,00;,
----------;CUENT.ANTERIORES;----------;---------------;CUENTA;--------------;TRIBUTOS, CONT.Y APORTES AL SIST PENSION;GOBIERNO CENTRAL-SUNAT;IMPUESTO GENERAL A LAS VENTAS;H I S T Ó R I C O;POR;DETRACCION DE IGV. D.LEG 917;2.1.40.401.001.031270;31270;CONTRAP; -;DETRACCION DE IGV. D.LEG 917;D É B I T O;C R É D I T O;DÍA;LOTE;T;MOV;UA;21.02;VALOR FATURA:2530/1 GLOBAL PROFESSIONAL SYSTEMS DEL PERU  ;403;00122/6295;A;189;;;;87,00;PERIODO :;403;*****   T O T A L E S   *****;147.847,00;114.385,00;*****   SALDO   ACTUAL  *****;;50.643,00;,
----------;CUENT.ANTERIORES;----------;---------------;CUENTA;--------------;TRIBUTOS, CONT.Y APORTES AL SIST PENSION;GOBIERNO CENTRAL-SUNAT;IMPUESTO GENERAL A LAS VENTAS;H I S T Ó R I C O;POR;DETRACCION DE IGV. D.LEG 917;2.1.40.401.001.031270;31270;CONTRAP; -;DETRACCION DE IGV. D.LEG 917;D É B I T O;C R É D I T O;DÍA;LOTE;T;MOV;UA;21.02;VALOR FATURA:2531/1 GLOBAL PROFESSIONAL SYSTEMS DEL PERU  ;403;00122/6295;A;195;;;;114,00;PERIODO :;403;*****   T O T A L E S   *****;147.847,00;114.385,00;*****   SALDO   ACTUAL  *****;;50.643,00;,
----------;CUENT.ANTERIORES;----------;---------------;CUENTA;--------------;TRIBUTOS, CONT.Y APORTES AL SIST PENSION;GOBIERNO CENTRAL-SUNAT;IMPUESTO GENERAL A LAS VENTAS;H I S T Ó R I C O;POR;DETRACCION DE IGV. D.LEG 917;2.1.40.401.001.031270;31270;CONTRAP; -;DETRACCION DE IGV. D.LEG 917;D É B I T O;C R É D I T O;DÍA;LOTE;T;MOV;UA;21.02;VALOR FATURA:205632/1 T-COPIA S.A.C.  ;403;00122/6295;A;205;;;;999,00;PERIODO :;403;*****   T O T A L E S   *****;147.847,00;114.385,00;*****   SALDO   ACTUAL  *****;;50.643,00;,
----------;CUENT.ANTERIORES;----------;---------------;CUENTA;--------------;TRIBUTOS, CONT.Y APORTES AL SIST PENSION;GOBIERNO CENTRAL-SUNAT;IMPUESTO GENERAL A LAS VENTAS;H I S T Ó R I C O;POR;DETRACCION DE IGV. D.LEG 917;2.1.40.401.001.031270;31270;CONTRAP; -;DETRACCION DE IGV. D.LEG 917;D É B I T O;C R É D I T O;DÍA;LOTE;T;MOV;UA;21.02;VALOR FATURA:205623/1 T-COPIA S.A.C.  ;403;00122/6295;A;219;;;;411,00;PERIODO :;403;*****   T O T A L E S   *****;147.847,00;114.385,00;*****   SALDO   ACTUAL  *****;;50.643,00;,
----------;CUENT.ANTERIORES;----------;---------------;CUENTA;--------------;TRIBUTOS, CONT.Y APORTES AL SIST PENSION;GOBIERNO CENTRAL-SUNAT;IMPUESTO GENERAL A LAS VENTAS;H I S T Ó R I C O;POR;DETRACCION DE IGV. D.LEG 917;2.1.40.401.001.031270;31270;CONTRAP; -;DETRACCION DE IGV. D.LEG 917;D É B I T O;C R É D I T O;DÍA;LOTE;T;MOV;UA;21.02;VALOR FATURA:955/1 D & J REMISSE 212121 S.A.C.  ;403;00122/6295;A;225;;;;89,00;PERIODO :;403;*****   T O T A L E S   *****;147.847,00;114.385,00;*****   SALDO   ACTUAL  *****;;50.643,00;,
----------;CUENT.ANTERIORES;----------;---------------;CUENTA;--------------;TRIBUTOS, CONT.Y APORTES AL SIST PENSION;GOBIERNO CENTRAL-SUNAT;IMPUESTO GENERAL A LAS VENTAS;H I S T Ó R I C O;POR;DETRACCION DE IGV. D.LEG 917;2.1.40.401.001.031270;31270;CONTRAP; -;DETRACCION DE IGV. D.LEG 917;D É B I T O;C R É D I T O;DÍA;LOTE;T;MOV;UA;21.02;PAGO PPI 1868693/1 CONTROL TOTAL SAC,RUC-20412942052   ;403;00124/6295;A;3;;;13.041,00;;PERIODO :;403;*****   T O T A L E S   *****;147.847,00;114.385,00;*****   SALDO   ACTUAL  *****;;50.643,00;
----------;CUENT.ANTERIORES;----------;---------------;CUENTA;--------------;TRIBUTOS, CONT.Y APORTES AL SIST PENSION;GOBIERNO CENTRAL-SUNAT;IMPUESTO GENERAL A LAS VENTAS;H I S T Ó R I C O;POR;DETRACCION DE IGV. D.LEG 917;2.1.40.401.001.031270;31270;CONTRAP; -;DETRACCION DE IGV. D.LEG 917;D É B I T O;C R É D I T O;DÍA;LOTE;T;MOV;UA;21.02;PAGO PPI 1866553/1 TRANSPORTE Y SERVICIOS TRINY SAC.,RU C-20457614790  ;403;00124/6295;A;5;;;1.220,00;;PERIODO :;403;*****   T O T A L E S   *****;147.847,00;114.385,00;*****   SALDO   ACTUAL  *****;;50.643,00;
----------;CUENT.ANTERIORES;----------;---------------;CUENTA;--------------;TRIBUTOS, CONT.Y APORTES AL SIST PENSION;GOBIERNO CENTRAL-SUNAT;IMPUESTO GENERAL A LAS VENTAS;H I S T Ó R I C O;POR;DETRACCION DE IGV. D.LEG 917;2.1.40.401.001.031270;31270;CONTRAP; -;DETRACCION DE IGV. D.LEG 917;D É B I T O;C R É D I T O;DÍA;LOTE;T;MOV;UA;21.02;PAGO PPI 1864435/1 SOLUCIONES ECOLOGICAS S.A.C.,RUC-204 55203580  ;403;00124/6295;A;7;;;635,00;;PERIODO :;403;*****   T O T A L E S   *****;147.847,00;114.385,00;*****   SALDO   ACTUAL  *****;;50.643,00;
----------;CUENT.ANTERIORES;----------;---------------;CUENTA;--------------;TRIBUTOS, CONT.Y APORTES AL SIST PENSION;GOBIERNO CENTRAL-SUNAT;IMPUESTO GENERAL A LAS VENTAS;H I S T Ó R I C O;POR;DETRACCION DE IGV. D.LEG 917;2.1.40.401.001.031270;31270;CONTRAP; -;DETRACCION DE IGV. D.LEG 917;D É B I T O;C R É D I T O;DÍA;LOTE;T;MOV;UA;21.02;PAGO PPI 1868701/1 GRUPO CIMA ALEX E.I.R.L.,RUC-2045597 3342  ;403;00124/6295;A;9;;;27.641,00;;PERIODO :;403;*****   T O T A L E S   *****;147.847,00;114.385,00;*****   SALDO   ACTUAL  *****;;50.643,00;
----------;CUENT.ANTERIORES;----------;---------------;CUENTA;--------------;TRIBUTOS, CONT.Y APORTES AL SIST PENSION;GOBIERNO CENTRAL-SUNAT;IMPUESTO GENERAL A LAS VENTAS;H I S T Ó R I C O;POR;DETRACCION DE IGV. D.LEG 917;2.1.40.401.001.031270;31270;CONTRAP; -;DETRACCION DE IGV. D.LEG 917;D É B I T O;C R É D I T O;DÍA;LOTE;T;MOV;UA;21.02;PAGO PPI 1866557/1 LAZARTE MORALES JUAN CARLOS,RUC-1029 6080336  ;403;00124/6295;A;11;;;99,00;;PERIODO :;403;*****   T O T A L E S   *****;147.847,00;114.385,00;*****   SALDO   ACTUAL  *****;;50.643,00;
----------;CUENT.ANTERIORES;----------;---------------;CUENTA;--------------;TRIBUTOS, CONT.Y APORTES AL SIST PENSION;GOBIERNO CENTRAL-SUNAT;IMPUESTO GENERAL A LAS VENTAS;H I S T Ó R I C O;POR;DETRACCION DE IGV. D.LEG 917;2.1.40.401.001.031270;31270;CONTRAP; -;DETRACCION DE IGV. D.LEG 917;D É B I T O;C R É D I T O;DÍA;LOTE;T;MOV;UA;21.02;PAGO PPI 1864611/1 PARIZACA CORDOVA JACKELINE SONIA,RUC -10441694259  ;403;00124/6295;A;13;;;121,00;;PERIODO :;403;*****   T O T A L E S   *****;147.847,00;114.385,00;*****   SALDO   ACTUAL  *****;;50.643,00;
----------;CUENT.ANTERIORES;----------;---------------;CUENTA;--------------;TRIBUTOS, CONT.Y APORTES AL SIST PENSION;GOBIERNO CENTRAL-SUNAT;IMPUESTO GENERAL A LAS VENTAS;H I S T Ó R I C O;POR;DETRACCION DE IGV. D.LEG 917;2.1.40.401.001.031270;31270;CONTRAP; -;DETRACCION DE IGV. D.LEG 917;D É B I T O;C R É D I T O;DÍA;LOTE;T;MOV;UA;21.02;PAGO PPI 1866742/1 SERVICOTT  E.I.R.L.,RUC-20411772501   ;403;00124/6295;A;15;;;16,00;;PERIODO :;403;*****   T O T A L E S   *****;147.847,00;114.385,00;*****   SALDO   ACTUAL  *****;;50.643,00;
----------;CUENT.ANTERIORES;----------;---------------;CUENTA;--------------;TRIBUTOS, CONT.Y APORTES AL SIST PENSION;GOBIERNO CENTRAL-SUNAT;IMPUESTO GENERAL A LAS VENTAS;H I S T Ó R I C O;POR;DETRACCION DE IGV. D.LEG 917;2.1.40.401.001.031270;31270;CONTRAP; -;DETRACCION DE IGV. D.LEG 917;D É B I T O;C R É D I T O;DÍA;LOTE;T;MOV;UA;21.02;PAGO PPI 1869675/1 EMP.ABUGATTAS ABUSADA ARQUITECTOS EI RL,RUC-20539399889  ;403;00124/6295;A;17;;;6.789,00;;PERIODO :;403;*****   T O T A L E S   *****;147.847,00;114.385,00;*****   SALDO   ACTUAL  *****;;50.643,00;
----------;CUENT.ANTERIORES;----------;---------------;CUENTA;--------------;TRIBUTOS, CONT.Y APORTES AL SIST PENSION;GOBIERNO CENTRAL-SUNAT;IMPUESTO GENERAL A LAS VENTAS;H I S T Ó R I C O;POR;DETRACCION DE IGV. D.LEG 917;2.1.40.401.001.031270;31270;CONTRAP; -;DETRACCION DE IGV. D.LEG 917;D É B I T O;C R É D I T O;DÍA;LOTE;T;MOV;UA;21.02;PAGO PPI 1869583/1 REGUS BUSINESS CENTRE (PERU) S.A,RUC -20423547678  ;403;00124/6295;A;19;;;2.320,00;;PERIODO :;403;*****   T O T A L E S   *****;147.847,00;114.385,00;*****   SALDO   ACTUAL  *****;;50.643,00;
----------;CUENT.ANTERIORES;----------;---------------;CUENTA;--------------;TRIBUTOS, CONT.Y APORTES AL SIST PENSION;GOBIERNO CENTRAL-SUNAT;IMPUESTO GENERAL A LAS VENTAS;H I S T Ó R I C O;POR;DETRACCION DE IGV. D.LEG 917;2.1.40.401.001.031270;31270;CONTRAP; -;DETRACCION DE IGV. D.LEG 917;D É B I T O;C R É D I T O;DÍA;LOTE;T;MOV;UA;21.02;PAGO PPI 1869595/1 REGUS BUSINESS CENTRE (PERU) S.A,RUC -20423547678  ;403;00124/6295;A;21;;;2.320,00;;PERIODO :;403;*****   T O T A L E S   *****;147.847,00;114.385,00;*****   SALDO   ACTUAL  *****;;50.643,00;
----------;CUENT.ANTERIORES;----------;---------------;CUENTA;--------------;TRIBUTOS, CONT.Y APORTES AL SIST PENSION;GOBIERNO CENTRAL-SUNAT;IMPUESTO GENERAL A LAS VENTAS;H I S T Ó R I C O;POR;DETRACCION DE IGV. D.LEG 917;2.1.40.401.001.031270;31270;CONTRAP; -;DETRACCION DE IGV. D.LEG 917;D É B I T O;C R É D I T O;DÍA;LOTE;T;MOV;UA;21.02;PAGO PPI 1869641/1 JACK LOPEZ INGENIEROS S.A.C.,RUC-203 01877928  ;403;00124/6295;A;23;;;4.248,00;;PERIODO :;403;*****   T O T A L E S   *****;147.847,00;114.385,00;*****   SALDO   ACTUAL  *****;;50.643,00;
----------;CUENT.ANTERIORES;----------;---------------;CUENTA;--------------;TRIBUTOS, CONT.Y APORTES AL SIST PENSION;GOBIERNO CENTRAL-SUNAT;IMPUESTO GENERAL A LAS VENTAS;H I S T Ó R I C O;POR;DETRACCION DE IGV. D.LEG 917;2.1.40.401.001.031270;31270;CONTRAP; -;DETRACCION DE IGV. D.LEG 917;D É B I T O;C R É D I T O;DÍA;LOTE;T;MOV;UA;21.02;PAGO PPI 1864856/1 COMSATEL PERU S. A. C.,RUC-203300967 49  ;403;00124/6295;A;25;;;356,00;;PERIODO :;403;*****   T O T A L E S   *****;147.847,00;114.385,00;*****   SALDO   ACTUAL  *****;;50.643,00;
----------;CUENT.ANTERIORES;----------;---------------;CUENTA;--------------;TRIBUTOS, CONT.Y APORTES AL SIST PENSION;GOBIERNO CENTRAL-SUNAT;IMPUESTO GENERAL A LAS VENTAS;H I S T Ó R I C O;POR;DETRACCION DE IGV. D.LEG 917;2.1.40.401.001.031270;31270;CONTRAP; -;DETRACCION DE IGV. D.LEG 917;D É B I T O;C R É D I T O;DÍA;LOTE;T;MOV;UA;21.02;PAGO PPI 1866743/1 SERVICOTT  E.I.R.L.,RUC-20411772501   ;403;00124/6295;A;27;;;16,00;;PERIODO :;403;*****   T O T A L E S   *****;147.847,00;114.385,00;*****   SALDO   ACTUAL  *****;;50.643,00;
----------;CUENT.ANTERIORES;----------;---------------;CUENTA;--------------;TRIBUTOS, CONT.Y APORTES AL SIST PENSION;GOBIERNO CENTRAL-SUNAT;IMPUESTO GENERAL A LAS VENTAS;H I S T Ó R I C O;POR;DETRACCION DE IGV. D.LEG 917;2.1.40.401.001.031270;31270;CONTRAP; -;DETRACCION DE IGV. D.LEG 917;D É B I T O;C R É D I T O;DÍA;LOTE;T;MOV;UA;21.02;PAGO PPI 1866756/1 SERVICOTT  E.I.R.L.,RUC-20411772501   ;403;00124/6295;A;29;;;16,00;;PERIODO :;403;*****   T O T A L E S   *****;147.847,00;114.385,00;*****   SALDO   ACTUAL  *****;;50.643,00;
----------;CUENT.ANTERIORES;----------;---------------;CUENTA;--------------;TRIBUTOS, CONT.Y APORTES AL SIST PENSION;GOBIERNO CENTRAL-SUNAT;IMPUESTO GENERAL A LAS VENTAS;H I S T Ó R I C O;POR;DETRACCION DE IGV. D.LEG 917;2.1.40.401.001.031270;31270;CONTRAP; -;DETRACCION DE IGV. D.LEG 917;D É B I T O;C R É D I T O;DÍA;LOTE;T;MOV;UA;21.02;PAGO PPI 1866775/1 SERVICOTT  E.I.R.L.,RUC-20411772501   ;403;00124/6295;A;31;;;16,00;;PERIODO :;403;*****   T O T A L E S   *****;147.847,00;114.385,00;*****   SALDO   ACTUAL  *****;;50.643,00;
----------;CUENT.ANTERIORES;----------;---------------;CUENTA;--------------;TRIBUTOS, CONT.Y APORTES AL SIST PENSION;GOBIERNO CENTRAL-SUNAT;IMPUESTO GENERAL A LAS VENTAS;H I S T Ó R I C O;POR;DETRACCION DE IGV. D.LEG 917;2.1.40.401.001.031270;31270;CONTRAP; -;DETRACCION DE IGV. D.LEG 917;D É B I T O;C R É D I T O;DÍA;LOTE;T;MOV;UA;21.02;PAGO PPI 1866346/1 SERVICIOS GENERALES Y & Y,RUC-205580 13983  ;403;00124/6295;A;33;;;698,00;;PERIODO :;403;*****   T O T A L E S   *****;147.847,00;114.385,00;*****   SALDO   ACTUAL  *****;;50.643,00;
----------;CUENT.ANTERIORES;----------;---------------;CUENTA;--------------;TRIBUTOS, CONT.Y APORTES AL SIST PENSION;GOBIERNO CENTRAL-SUNAT;IMPUESTO GENERAL A LAS VENTAS;H I S T Ó R I C O;POR;DETRACCION DE IGV. D.LEG 917;2.1.40.401.001.031270;31270;CONTRAP; -;DETRACCION DE IGV. D.LEG 917;D É B I T O;C R É D I T O;DÍA;LOTE;T;MOV;UA;21.02;PAGO PPI 1864901/1 GORDON INGENIEROS MAQUINARIA S.A.,RU C-20102108958  ;403;00124/6295;A;35;;;289,00;;PERIODO :;403;*****   T O T A L E S   *****;147.847,00;114.385,00;*****   SALDO   ACTUAL  *****;;50.643,00;
----------;CUENT.ANTERIORES;----------;---------------;CUENTA;--------------;TRIBUTOS, CONT.Y APORTES AL SIST PENSION;GOBIERNO CENTRAL-SUNAT;IMPUESTO GENERAL A LAS VENTAS;H I S T Ó R I C O;POR;DETRACCION DE IGV. D.LEG 917;2.1.40.401.001.031270;31270;CONTRAP; -;DETRACCION DE IGV. D.LEG 917;D É B I T O;C R É D I T O;DÍA;LOTE;T;MOV;UA;21.02;PAGO PPI 1865070/1 VILCHEZ ADRIANZEN DIANA ISABEL,RUC-1 0429839225  ;403;00124/6295;A;37;;;2.256,00;;PERIODO :;403;*****   T O T A L E S   *****;147.847,00;114.385,00;*****   SALDO   ACTUAL  *****;;50.643,00;
----------;CUENT.ANTERIORES;----------;---------------;CUENTA;--------------;TRIBUTOS, CONT.Y APORTES AL SIST PENSION;GOBIERNO CENTRAL-SUNAT;IMPUESTO GENERAL A LAS VENTAS;H I S T Ó R I C O;POR;DETRACCION DE IGV. D.LEG 917;2.1.40.401.001.031270;31270;CONTRAP; -;DETRACCION DE IGV. D.LEG 917;D É B I T O;C R É D I T O;DÍA;LOTE;T;MOV;UA;21.02;PAGO PPI 1865132/1 RAGALSA E.I.R.L,RUC-20547039531   ;403;00124/6295;A;39;;;170,00;;PERIODO :;403;*****   T O T A L E S   *****;147.847,00;114.385,00;*****   SALDO   ACTUAL  *****;;50.643,00;
----------;CUENT.ANTERIORES;----------;---------------;CUENTA;--------------;TRIBUTOS, CONT.Y APORTES AL SIST PENSION;GOBIERNO CENTRAL-SUNAT;IMPUESTO GENERAL A LAS VENTAS;H I S T Ó R I C O;POR;DETRACCION DE IGV. D.LEG 917;2.1.40.401.001.031270;31270;CONTRAP; -;DETRACCION DE IGV. D.LEG 917;D É B I T O;C R É D I T O;DÍA;LOTE;T;MOV;UA;21.02;PAGO PPI 1867122/1 SENEZGRAF E.I.R.L.,RUC-20552511426   ;403;00124/6295;A;41;;;510,00;;PERIODO :;403;*****   T O T A L E S   *****;147.847,00;114.385,00;*****   SALDO   ACTUAL  *****;;50.643,00;
----------;CUENT.ANTERIORES;----------;---------------;CUENTA;--------------;TRIBUTOS, CONT.Y APORTES AL SIST PENSION;GOBIERNO CENTRAL-SUNAT;IMPUESTO GENERAL A LAS VENTAS;H I S T Ó R I C O;POR;DETRACCION DE IGV. D.LEG 917;2.1.40.401.001.031270;31270;CONTRAP; -;DETRACCION DE IGV. D.LEG 917;D É B I T O;C R É D I T O;DÍA;LOTE;T;MOV;UA;21.02;PAGO PPI 1862984/1 BUENA VISTA SAC,RUC-20503835984   ;403;00125/6295;A;3;;;965,00;;PERIODO :;403;*****   T O T A L E S   *****;147.847,00;114.385,00;*****   SALDO   ACTUAL  *****;;50.643,00;
----------;CUENT.ANTERIORES;----------;---------------;CUENTA;--------------;TRIBUTOS, CONT.Y APORTES AL SIST PENSION;GOBIERNO CENTRAL-SUNAT;IMPUESTO GENERAL A LAS VENTAS;H I S T Ó R I C O;POR;DETRACCION DE IGV. D.LEG 917;2.1.40.401.001.031270;31270;CONTRAP; -;DETRACCION DE IGV. D.LEG 917;D É B I T O;C R É D I T O;DÍA;LOTE;T;MOV;UA;21.02;VALOR FATURA:19915/1 TRANSPORTES THORNADO S.A.C.  ;403;00134/6295;A;9;;;;15.590,00;PERIODO :;403;*****   T O T A L E S   *****;147.847,00;114.385,00;*****   SALDO   ACTUAL  *****;;50.643,00;,
----------;CUENT.ANTERIORES;----------;---------------;CUENTA;--------------;TRIBUTOS, CONT.Y APORTES AL SIST PENSION;GOBIERNO CENTRAL-SUNAT;IMPUESTO GENERAL A LAS VENTAS;H I S T Ó R I C O;POR;DETRACCION DE IGV. D.LEG 917;2.1.40.401.001.031270;31270;CONTRAP; -;DETRACCION DE IGV. D.LEG 917;D É B I T O;C R É D I T O;DÍA;LOTE;T;MOV;UA;24.02;VALOR FATURA:1684/1 CCALA MOLINA DAVID JUAN  ;403;00135/6295;A;5;;;;140,00;PERIODO :;403;*****   T O T A L E S   *****;147.847,00;114.385,00;*****   SALDO   ACTUAL  *****;;50.643,00;,
----------;CUENT.ANTERIORES;----------;---------------;CUENTA;--------------;TRIBUTOS, CONT.Y APORTES AL SIST PENSION;GOBIERNO CENTRAL-SUNAT;IMPUESTO GENERAL A LAS VENTAS;H I S T Ó R I C O;POR;DETRACCION DE IGV. D.LEG 917;2.1.40.401.001.031270;31270;CONTRAP; -;DETRACCION DE IGV. D.LEG 917;D É B I T O;C R É D I T O;DÍA;LOTE;T;MOV;UA;25.02;VALOR FATURA:42289/1 APOYO CONSULTORIA S.A.C.  ;403;00136/6295;A;9;;;;135,00;PERIODO :;403;*****   T O T A L E S   *****;147.847,00;114.385,00;*****   SALDO   ACTUAL  *****;;50.643,00;,
----------;CUENT.ANTERIORES;----------;---------------;CUENTA;--------------;TRIBUTOS, CONT.Y APORTES AL SIST PENSION;GOBIERNO CENTRAL-SUNAT;IMPUESTO GENERAL A LAS VENTAS;H I S T Ó R I C O;POR;DETRACCION DE IGV. D.LEG 917;2.1.40.401.001.031270;31270;CONTRAP; -;DETRACCION DE IGV. D.LEG 917;D É B I T O;C R É D I T O;DÍA;LOTE;T;MOV;UA;25.02;VALOR FATURA:1020/1 TECNICA Y PROYECTOS S.A  ;403;00136/6295;A;15;;;;19.802,00;PERIODO :;403;*****   T O T A L E S   *****;147.847,00;114.385,00;*****   SALDO   ACTUAL  *****;;50.643,00;,
----------;CUENT.ANTERIORES;----------;---------------;CUENTA;--------------;TRIBUTOS, CONT.Y APORTES AL SIST PENSION;GOBIERNO CENTRAL-SUNAT;IMPUESTO GENERAL A LAS VENTAS;H I S T Ó R I C O;POR;DETRACCION DE IGV. D.LEG 917;2.1.40.401.001.031270;31270;CONTRAP; -;DETRACCION DE IGV. D.LEG 917;D É B I T O;C R É D I T O;DÍA;LOTE;T;MOV;UA;25.02;VALOR PROVISION F.002-1266 BELLIDO ORELLANA JOSE EMILIO S/.1,140.00 ;403;00151/6295;M;2;;;;137,00;PERIODO :;403;*****   T O T A L E S   *****;147.847,00;114.385,00;*****   SALDO   ACTUAL  *****;;50.643,00;
----------;CUENT.ANTERIORES;----------;---------------;CUENTA;--------------;TRIBUTOS, CONT.Y APORTES AL SIST PENSION;GOBIERNO CENTRAL-SUNAT;IMPUESTO GENERAL A LAS VENTAS;H I S T Ó R I C O;POR;DETRACCION DE IGV. D.LEG 917;2.1.40.401.001.031270;31270;CONTRAP; -;DETRACCION DE IGV. D.LEG 917;D É B I T O;C R É D I T O;DÍA;LOTE;T;MOV;UA;25.02;VALOR PROVISION F.002-552 MORAN COYA JULIO CESAR S/.8,814.00 ;403;00151/6295;M;4;;;;1.058,00;PERIODO :;403;*****   T O T A L E S   *****;147.847,00;114.385,00;*****   SALDO   ACTUAL  *****;;50.643,00;
----------;CUENT.ANTERIORES;----------;---------------;CUENTA;--------------;TRIBUTOS, CONT.Y APORTES AL SIST PENSION;GOBIERNO CENTRAL-SUNAT;IMPUESTO GENERAL A LAS VENTAS;H I S T Ó R I C O;POR;DETRACCION DE IGV. D.LEG 917;2.1.40.401.001.031270;31270;CONTRAP; -;DETRACCION DE IGV. D.LEG 917;D É B I T O;C R É D I T O;DÍA;LOTE;T;MOV;UA;25.02;VALOR PROVISION F.001-26961 MARCO ANTONIO REST.S.A.C S/.1,590.00 ;403;00151/6295;M;6;;;;191,00;PERIODO :;403;*****   T O T A L E S   *****;147.847,00;114.385,00;*****   SALDO   ACTUAL  *****;;50.643,00;
----------;CUENT.ANTERIORES;----------;---------------;CUENTA;--------------;TRIBUTOS, CONT.Y APORTES AL SIST PENSION;GOBIERNO CENTRAL-SUNAT;IMPUESTO GENERAL A LAS VENTAS;H I S T Ó R I C O;POR;DETRACCION DE IGV. D.LEG 917;2.1.40.401.001.031270;31270;CONTRAP; -;DETRACCION DE IGV. D.LEG 917;D É B I T O;C R É D I T O;DÍA;LOTE;T;MOV;UA;26.02;VALOR FATURA:19837/1 TRANSPORTES THORNADO S.A.C.  ;403;00147/6295;A;19;;;;4.354,00;PERIODO :;403;*****   T O T A L E S   *****;147.847,00;114.385,00;*****   SALDO   ACTUAL  *****;;50.643,00;,
----------;CUENT.ANTERIORES;----------;---------------;CUENTA;--------------;TRIBUTOS, CONT.Y APORTES AL SIST PENSION;GOBIERNO CENTRAL-SUNAT;IMPUESTO GENERAL A LAS VENTAS;H I S T Ó R I C O;POR;DETRACCION DE IGV. D.LEG 917;2.1.40.401.001.031270;31270;CONTRAP; -;DETRACCION DE IGV. D.LEG 917;D É B I T O;C R É D I T O;DÍA;LOTE;T;MOV;UA;26.02;VALOR FATURA:19948/1 TRANSPORTES THORNADO S.A.C.  ;403;00147/6295;A;25;;;;1.869,00;PERIODO :;403;*****   T O T A L E S   *****;147.847,00;114.385,00;*****   SALDO   ACTUAL  *****;;50.643,00;,
----------;CUENT.ANTERIORES;----------;---------------;CUENTA;--------------;TRIBUTOS, CONT.Y APORTES AL SIST PENSION;GOBIERNO CENTRAL-SUNAT;IMPUESTO GENERAL A LAS VENTAS;H I S T Ó R I C O;POR;DETRACCION DE IGV. D.LEG 917;2.1.40.401.001.031270;31270;CONTRAP; -;DETRACCION DE IGV. D.LEG 917;D É B I T O;C R É D I T O;DÍA;LOTE;T;MOV;UA;26.02;VALOR FATURA:263/1 RODRIGUEZ SABOYA SARA  ;403;00147/6295;A;31;;;;177,00;PERIODO :;403;*****   T O T A L E S   *****;147.847,00;114.385,00;*****   SALDO   ACTUAL  *****;;50.643,00;,
----------;CUENT.ANTERIORES;----------;---------------;CUENTA;--------------;TRIBUTOS, CONT.Y APORTES AL SIST PENSION;GOBIERNO CENTRAL-SUNAT;IMPUESTO GENERAL A LAS VENTAS;H I S T Ó R I C O;POR;DETRACCION DE IGV. D.LEG 917;2.1.40.401.001.031270;31270;CONTRAP; -;DETRACCION DE IGV. D.LEG 917;D É B I T O;C R É D I T O;DÍA;LOTE;T;MOV;UA;27.02;VALOR FATURA:644/1 FEBRES MARDINI JORGE MARTIN  ;403;00167/6295;A;17;;;;240,00;PERIODO :;403;*****   T O T A L E S   *****;147.847,00;114.385,00;*****   SALDO   ACTUAL  *****;;50.643,00;,
----------;CUENT.ANTERIORES;----------;---------------;CUENTA;--------------;TRIBUTOS, CONT.Y APORTES AL SIST PENSION;GOBIERNO CENTRAL-SUNAT;IMPUESTO GENERAL A LAS VENTAS;H I S T Ó R I C O;POR;DETRACCION DE IGV. D.LEG 917;2.1.40.401.001.031270;31270;CONTRAP; -;DETRACCION DE IGV. D.LEG 917;D É B I T O;C R É D I T O;DÍA;LOTE;T;MOV;UA;27.02;VALOR FATURA:19939/1 TRANSPORTES THORNADO S.A.C.  ;403;00167/6295;A;23;;;;241,00;PERIODO :;403;*****   T O T A L E S   *****;147.847,00;114.385,00;*****   SALDO   ACTUAL  *****;;50.643,00;,
----------;CUENT.ANTERIORES;----------;---------------;CUENTA;--------------;TRIBUTOS, CONT.Y APORTES AL SIST PENSION;GOBIERNO CENTRAL-SUNAT;IMPUESTO GENERAL A LAS VENTAS;H I S T Ó R I C O;POR;DETRACCION DE IGV. D.LEG 917;2.1.40.401.001.031270;31270;CONTRAP; -;DETRACCION DE IGV. D.LEG 917;D É B I T O;C R É D I T O;DÍA;LOTE;T;MOV;UA;27.02;VALOR FATURA:148/1 VANALETI E.I.R.L.  ;403;00167/6295;A;29;;;;139,00;PERIODO :;403;*****   T O T A L E S   *****;147.847,00;114.385,00;*****   SALDO   ACTUAL  *****;;50.643,00;,
----------;CUENT.ANTERIORES;----------;---------------;CUENTA;--------------;TRIBUTOS, CONT.Y APORTES AL SIST PENSION;GOBIERNO CENTRAL-SUNAT;IMPUESTO GENERAL A LAS VENTAS;H I S T Ó R I C O;POR;DETRACCION DE IGV. D.LEG 917;2.1.40.401.001.031270;31270;CONTRAP; -;DETRACCION DE IGV. D.LEG 917;D É B I T O;C R É D I T O;DÍA;LOTE;T;MOV;UA;27.02;VALOR FATURA:146/1 VANALETI E.I.R.L.  ;403;00167/6295;A;35;;;;156,00;PERIODO :;403;*****   T O T A L E S   *****;147.847,00;114.385,00;*****   SALDO   ACTUAL  *****;;50.643,00;,
----------;CUENT.ANTERIORES;----------;---------------;CUENTA;--------------;TRIBUTOS, CONT.Y APORTES AL SIST PENSION;GOBIERNO CENTRAL-SUNAT;IMPUESTO GENERAL A LAS VENTAS;H I S T Ó R I C O;POR;DETRACCION DE IGV. D.LEG 917;2.1.40.401.001.031270;31270;CONTRAP; -;DETRACCION DE IGV. D.LEG 917;D É B I T O;C R É D I T O;DÍA;LOTE;T;MOV;UA;27.02;VALOR FATURA:147/1 VANALETI E.I.R.L.  ;403;00167/6295;A;41;;;;98,00;PERIODO :;403;*****   T O T A L E S   *****;147.847,00;114.385,00;*****   SALDO   ACTUAL  *****;;50.643,00;,
----------;CUENT.ANTERIORES;----------;---------------;CUENTA;--------------;TRIBUTOS, CONT.Y APORTES AL SIST PENSION;GOBIERNO CENTRAL-SUNAT;IMPUESTO GENERAL A LAS VENTAS;H I S T Ó R I C O;POR;DETRACCION DE IGV. D.LEG 917;2.1.40.401.001.031270;31270;CONTRAP; -;DETRACCION DE IGV. D.LEG 917;D É B I T O;C R É D I T O;DÍA;LOTE;T;MOV;UA;27.02;VALOR FATURA:605/1 SERVICIOS GENERALES Y & Y  ;403;00167/6295;A;47;;;;747,00;PERIODO :;403;*****   T O T A L E S   *****;147.847,00;114.385,00;*****   SALDO   ACTUAL  *****;;50.643,00;,
----------;CUENT.ANTERIORES;----------;---------------;CUENTA;--------------;TRIBUTOS, CONT.Y APORTES AL SIST PENSION;GOBIERNO CENTRAL-SUNAT;IMPUESTO GENERAL A LAS VENTAS;H I S T Ó R I C O;POR;DETRACCION DE IGV. D.LEG 917;2.1.40.401.001.031270;31270;CONTRAP; -;DETRACCION DE IGV. D.LEG 917;D É B I T O;C R É D I T O;DÍA;LOTE;T;MOV;UA;27.02;VALOR FATURA:82/1 AVANT GARDE CORPORATION S.C.R.L.  ;403;00167/6295;A;53;;;;137,00;PERIODO :;403;*****   T O T A L E S   *****;147.847,00;114.385,00;*****   SALDO   ACTUAL  *****;;50.643,00;,
----------;CUENT.ANTERIORES;----------;---------------;CUENTA;--------------;TRIBUTOS, CONT.Y APORTES AL SIST PENSION;GOBIERNO CENTRAL-SUNAT;IMPUESTO GENERAL A LAS VENTAS;H I S T Ó R I C O;POR;DETRACCION DE IGV. D.LEG 917;2.1.40.401.001.031270;31270;CONTRAP; -;DETRACCION DE IGV. D.LEG 917;D É B I T O;C R É D I T O;DÍA;LOTE;T;MOV;UA;27.02;VALOR FATURA:8039/1 SOLDEX SA  ;403;00167/6295;A;59;;;;160,00;PERIODO :;403;*****   T O T A L E S   *****;147.847,00;114.385,00;*****   SALDO   ACTUAL  *****;;50.643,00;,
----------;CUENT.ANTERIORES;----------;---------------;CUENTA;--------------;TRIBUTOS, CONT.Y APORTES AL SIST PENSION;GOBIERNO CENTRAL-SUNAT;IMPUESTO GENERAL A LAS VENTAS;H I S T Ó R I C O;POR;DETRACCION DE IGV. D.LEG 917;2.1.40.401.001.031270;31270;CONTRAP; -;DETRACCION DE IGV. D.LEG 917;D É B I T O;C R É D I T O;DÍA;LOTE;T;MOV;UA;27.02;VALOR FATURA:4/1 CASTRO LOPEZ OSCAR ROLANDO  ;403;00167/6295;A;61;;;;1.785,00;PERIODO :;403;*****   T O T A L E S   *****;147.847,00;114.385,00;*****   SALDO   ACTUAL  *****;;50.643,00;,
----------;CUENT.ANTERIORES;----------;---------------;CUENTA;--------------;TRIBUTOS, CONT.Y APORTES AL SIST PENSION;GOBIERNO CENTRAL-SUNAT;IMPUESTO GENERAL A LAS VENTAS;H I S T Ó R I C O;POR;DETRACCION DE IGV. D.LEG 917;2.1.40.401.001.031270;31270;CONTRAP; -;DETRACCION DE IGV. D.LEG 917;D É B I T O;C R É D I T O;DÍA;LOTE;T;MOV;UA;27.02;VALOR FATURA:645/1 FEBRES MARDINI JORGE MARTIN  ;403;00167/6295;A;67;;;;420,00;PERIODO :;403;*****   T O T A L E S   *****;147.847,00;114.385,00;*****   SALDO   ACTUAL  *****;;50.643,00;,
